{"cameraMode":{"drawMode":0,"name":"Shaded","section":"Shading Mode"},"sceneLighting":false,"audioPlay":false,"sceneViewState":{"showFog":true,"showMaterialUpdate":false,"showSkybox":false,"showFlares":true,"showImageEffects":true,"showParticleSystems":true},"in2DMode":false,"pivot":{"x":-0.01702439785003662,"y":0.0039102137088775639,"z":4.130321502685547},"rotation":{"x":0.2246357500553131,"y":-0.2057330161333084,"z":0.04858352243900299,"w":0.9512373208999634},"size":15.464784622192383,"orthographic":false}