{"cameraMode":{"drawMode":0,"name":"Shaded","section":"Shading Mode"},"sceneLighting":true,"audioPlay":false,"sceneViewState":{"showFog":true,"showMaterialUpdate":false,"showSkybox":true,"showFlares":true,"showImageEffects":true,"showParticleSystems":true},"in2DMode":false,"pivot":{"x":647.4599609375,"y":263.90185546875,"z":78.59564208984375},"rotation":{"x":0.10046340525150299,"y":-0.1220574602484703,"z":0.012419207021594048,"w":0.987347424030304},"size":539.9164428710938,"orthographic":false}